id,first_name,last_name,email,gender,ip_address
1,Joela,Deverille,jdeverille0@blogger.com,Female,15.244.186.236
2,Janie,Orrow,jorrow1@upenn.edu,Female,98.161.195.50
3,Jaquenette,Trunchion,jtrunchion2@cnbc.com,Female,43.78.164.231
4,Alissa,Winkett,awinkett3@yahoo.com,Female,224.159.227.200
5,Devonne,Heaphy,dheaphy4@google.de,Female,243.170.145.67
6,Hilliary,Chasle,hchasle5@cisco.com,Female,12.77.251.178
7,Rey,McIlvaney,rmcilvaney6@facebook.com,Female,16.15.129.244
8,Abran,Romanet,aromanet7@huffingtonpost.com,Male,228.126.82.163
9,Damian,Rackham,drackham8@cbc.ca,Male,23.17.70.249
10,Roderic,Petr,rpetr9@cyberchimps.com,Male,252.217.203.253
11,Jacobo,Lovegrove,jlovegrovea@discovery.com,Male,232.125.9.92
12,Sean,Ouchterlony,souchterlonyb@spiegel.de,Female,189.141.163.27
13,Maiga,Prosch,mproschc@wp.com,Female,214.159.2.132
14,Leann,Ashfold,lashfoldd@domainmarket.com,Female,23.119.169.230
15,Ethan,Baszniak,ebaszniake@marriott.com,Bigender,201.168.61.20
16,Malvin,Arnoud,marnoudf@paginegialle.it,Male,101.33.204.214
17,Nicole,Hutchason,nhutchasong@kickstarter.com,Female,232.83.187.118
18,Morlee,Spohrmann,mspohrmannh@state.tx.us,Male,113.218.62.20
19,Theo,Trudgian,ttrudgiani@icio.us,Male,130.36.32.217
20,Franni,Gimbart,fgimbartj@cargocollective.com,Female,199.231.184.140
21,Arie,Ensor,aensork@soundcloud.com,Male,180.28.28.229
22,Guendolen,Fugere,gfugerel@intel.com,Female,95.114.218.197
23,Xaviera,Huegett,xhuegettm@mayoclinic.com,Female,209.166.132.18
24,Dav,Karczinski,dkarczinskin@vistaprint.com,Male,75.167.125.78
25,Ada,Balazot,abalazoto@indiatimes.com,Female,249.212.204.144
26,Selinda,Wetherby,swetherbyp@quantcast.com,Female,131.11.6.245
27,Adria,Evequot,aevequotq@ftc.gov,Female,197.19.12.114
28,Nancie,Blasing,nblasingr@umn.edu,Female,62.100.146.227
29,Arman,Brigstock,abrigstocks@constantcontact.com,Male,89.164.119.217
30,Analise,Coad,acoadt@narod.ru,Polygender,222.3.29.210
31,Selig,Radcliffe,sradcliffeu@about.com,Male,16.11.96.56
32,Birgit,Lorenzin,blorenzinv@uol.com.br,Female,171.51.254.230
33,Tina,Cawston,tcawstonw@tinypic.com,Female,4.181.32.16
34,Arleen,Beals,abealsx@1und1.de,Female,4.80.160.252
35,Izak,Edrich,iedrichy@comsenz.com,Male,211.246.16.131
36,Dennie,Fudge,dfudgez@gizmodo.com,Male,157.75.35.136
37,Zolly,Chrippes,zchrippes10@usda.gov,Male,88.207.116.55
38,Brnaba,Undy,bundy11@youtube.com,Male,148.164.100.166
39,Lonna,Medgwick,lmedgwick12@wix.com,Female,105.104.43.128
40,Cassie,Drummond,cdrummond13@vimeo.com,Female,25.212.66.71
41,Sig,Callear,scallear14@biblegateway.com,Male,241.145.217.138
42,Kippy,Muzzlewhite,kmuzzlewhite15@bbb.org,Male,171.158.198.74
43,Levy,Clausson,lclausson16@un.org,Male,97.135.1.226
44,Devonne,Heyfield,dheyfield17@trellian.com,Female,127.254.84.40
45,Micheal,Cheek,mcheek18@sphinn.com,Male,62.218.125.114
46,Howie,Humerstone,hhumerstone19@upenn.edu,Male,144.150.237.95
47,Dalton,Jubert,djubert1a@cmu.edu,Male,199.108.29.192
48,Ashbey,Bracken,abracken1b@dmoz.org,Male,55.245.144.199
49,Constantin,Menier,cmenier1c@cafepress.com,Male,239.184.118.110
50,Dur,Provis,dprovis1d@a8.net,Male,131.161.50.166
51,Clerissa,Withams,cwithams1e@youku.com,Female,222.30.46.51
52,Nerissa,Children,nchildren1f@comsenz.com,Female,141.18.199.22
53,Vere,Rouke,vrouke1g@patch.com,Female,24.39.43.22
54,Pepillo,MacPadene,pmacpadene1h@walmart.com,Male,199.226.74.83
55,Alecia,Reaney,areaney1i@home.pl,Female,120.20.152.235
56,Nappie,O'Howbane,nohowbane1j@imgur.com,Male,111.97.29.83
57,Pepito,Reuble,preuble1k@netvibes.com,Male,212.10.255.162
58,Kylynn,Haselgrove,khaselgrove1l@purevolume.com,Female,15.114.142.87
59,Giacomo,Hammerberger,ghammerberger1m@chronoengine.com,Male,222.130.166.17
60,Joeann,Schuck,jschuck1n@cocolog-nifty.com,Female,238.46.43.6
61,Brear,Goodby,bgoodby1o@chronoengine.com,Female,10.97.223.109
62,Sonny,Tibbits,stibbits1p@microsoft.com,Male,99.228.161.124
63,Herculie,Klawi,hklawi1q@live.com,Male,199.220.83.116
64,Ania,Janaszewski,ajanaszewski1r@slideshare.net,Female,7.120.249.67
65,Jaymie,Denisyev,jdenisyev1s@drupal.org,Male,252.206.123.51
66,Terrie,Bondley,tbondley1t@home.pl,Female,55.16.101.42
67,Brynna,Escalero,bescalero1u@1688.com,Female,171.59.155.88
68,Kamilah,Qualtrough,kqualtrough1v@exblog.jp,Genderqueer,192.209.218.251
69,Marleen,Giberd,mgiberd1w@prlog.org,Female,215.88.122.62
70,Gordan,Wakelam,gwakelam1x@com.com,Male,159.237.242.248
71,Art,Tuddenham,atuddenham1y@lulu.com,Male,183.178.171.6
72,Lefty,Baldack,lbaldack1z@intel.com,Male,214.149.68.206
73,Murray,Gerald,mgerald20@slashdot.org,Male,129.241.44.215
74,Gretal,Grisenthwaite,ggrisenthwaite21@columbia.edu,Female,220.125.46.238
75,Cos,Iacovozzo,ciacovozzo22@github.io,Agender,25.159.159.139
76,Melva,Ferrieri,mferrieri23@house.gov,Female,53.172.115.9
77,Padriac,Allmann,pallmann24@storify.com,Male,61.208.110.154
78,Ginelle,Scandrett,gscandrett25@unesco.org,Female,116.93.175.78
79,Itch,Midden,imidden26@scribd.com,Male,107.189.221.180
80,Renae,Wackley,rwackley27@webnode.com,Female,199.23.59.43
81,Gregor,Chidlow,gchidlow28@github.io,Male,139.249.106.90
82,Marta,Landsborough,mlandsborough29@senate.gov,Female,27.166.149.175
83,Eberto,Tellenbroker,etellenbroker2a@cnn.com,Male,33.63.6.129
84,Patricia,Furmenger,pfurmenger2b@netvibes.com,Female,180.200.83.111
85,Tallulah,Tumelty,ttumelty2c@unblog.fr,Female,129.76.243.252
86,Aurlie,Cuel,acuel2d@japanpost.jp,Female,202.135.233.231
87,Jakob,Attew,jattew2e@dion.ne.jp,Male,108.106.29.48
88,Domenico,Ludy,dludy2f@house.gov,Male,143.182.204.106
89,Jamal,Tunaclift,jtunaclift2g@comcast.net,Male,179.228.176.204
90,Meghan,Guirard,mguirard2h@wordpress.org,Female,180.122.8.106
91,Tracie,Saunderson,tsaunderson2i@wix.com,Female,164.17.227.11
92,Gamaliel,Jouannin,gjouannin2j@last.fm,Male,87.206.34.121
93,Eustace,Kyles,ekyles2k@house.gov,Male,191.238.80.77
94,Lynnet,Aubray,laubray2l@studiopress.com,Female,243.43.180.122
95,Dagny,Minithorpe,dminithorpe2m@tiny.cc,Male,156.99.151.96
96,Bryn,Mumby,bmumby2n@myspace.com,Female,220.216.130.168
97,Halsey,Kivell,hkivell2o@odnoklassniki.ru,Male,104.51.214.31
98,Tiffy,Jerram,tjerram2p@yale.edu,Female,31.182.207.127
99,Brittaney,Emmerson,bemmerson2q@mtv.com,Female,58.166.241.56
100,Terrijo,MacAllister,tmacallister2r@unesco.org,Female,58.162.26.171
101,Alexi,Bawles,abawles2s@shop-pro.jp,Female,173.2.22.220
102,Hewett,Ollerhead,hollerhead2t@paginegialle.it,Male,140.115.128.101
103,Alric,Fosher,afosher2u@omniture.com,Male,162.203.20.161
104,Conroy,Greenhow,cgreenhow2v@drupal.org,Male,21.23.140.100
105,Traver,Baudains,tbaudains2w@ycombinator.com,Male,254.79.82.155
106,Biron,Rosnau,brosnau2x@google.ru,Male,245.15.148.84
107,Binni,Lugsdin,blugsdin2y@economist.com,Female,52.248.45.194
108,Brit,Kenworthey,bkenworthey2z@theguardian.com,Female,33.60.37.50
109,Kelly,Rogger,krogger30@blogger.com,Female,237.240.241.183
110,Cilka,Chin,cchin31@japanpost.jp,Female,14.208.135.124
111,Lenka,Manhare,lmanhare32@is.gd,Female,118.216.124.202
112,Field,Lawton,flawton33@nih.gov,Male,76.163.150.80
113,Ced,Mammatt,cmammatt34@seesaa.net,Genderqueer,61.93.252.197
114,Gerard,Dibbe,gdibbe35@squidoo.com,Male,144.52.87.48
115,Dugald,Gaven,dgaven36@gov.uk,Male,136.177.168.73
116,Sayers,Manvelle,smanvelle37@gmpg.org,Male,251.6.168.37
117,Gherardo,Wilbore,gwilbore38@phoca.cz,Non-binary,241.111.30.199
118,Carolus,Izachik,cizachik39@bing.com,Male,166.132.145.145
119,Donny,Leggatt,dleggatt3a@msn.com,Male,86.154.196.41
120,Stella,Tirte,stirte3b@dailymail.co.uk,Female,39.248.235.8
121,Cassaundra,Crammy,ccrammy3c@si.edu,Female,236.134.71.88
122,Red,Leivers,rleivers3d@over-blog.com,Male,103.38.65.34
123,Carce,Stratton,cstratton3e@fema.gov,Genderfluid,235.34.137.148
124,Hali,Burdas,hburdas3f@nydailynews.com,Agender,251.172.140.220
125,Jordana,Oggers,joggers3g@sciencedirect.com,Female,69.177.96.16
126,Tulley,Vurley,tvurley3h@github.com,Male,110.234.232.192
127,Hillyer,Kellogg,hkellogg3i@hc360.com,Male,71.147.199.70
128,Wilie,McKelvey,wmckelvey3j@netlog.com,Female,140.217.247.212
129,Lauren,Squelch,lsquelch3k@uiuc.edu,Female,189.193.119.163
130,Danni,Risebarer,drisebarer3l@businesswire.com,Female,239.240.221.246
131,Laughton,Oxtarby,loxtarby3m@cafepress.com,Male,21.75.244.246
132,Margaux,Kleinfeld,mkleinfeld3n@sciencedaily.com,Female,121.133.140.125
133,Tobey,Yersin,tyersin3o@foxnews.com,Female,185.242.80.111
134,Cherise,Tames,ctames3p@uiuc.edu,Non-binary,147.205.90.90
135,Dewey,Wanden,dwanden3q@cnbc.com,Male,95.40.93.48
136,Garfield,Normansell,gnormansell3r@unicef.org,Male,22.241.25.12
137,Sauveur,Boldecke,sboldecke3s@ezinearticles.com,Male,151.166.79.68
138,Jodee,Stait,jstait3t@sphinn.com,Female,72.163.31.58
139,Lezlie,Raveau,lraveau3u@amazon.co.jp,Polygender,195.201.225.204
140,Fiann,Yesichev,fyesichev3v@wikia.com,Female,4.173.170.115
141,Allyson,Waiting,awaiting3w@google.com,Female,4.30.158.37
142,Desdemona,Trubshaw,dtrubshaw3x@webs.com,Female,166.118.47.173
143,Evey,Dowden,edowden3y@imgur.com,Female,92.204.63.142
144,Chariot,Swafford,cswafford3z@businessweek.com,Male,82.75.219.13
145,Carling,Ritelli,critelli40@huffingtonpost.com,Male,168.31.212.205
146,Lacey,Roulston,lroulston41@yelp.com,Agender,240.8.116.66
147,Ado,Gosenell,agosenell42@wikipedia.org,Male,67.13.231.10
148,Selinda,O'Grogane,sogrogane43@fastcompany.com,Female,232.159.75.192
149,Averil,Connah,aconnah44@hud.gov,Female,39.57.141.177
150,Floyd,Hazeldene,fhazeldene45@elpais.com,Male,10.167.142.12
151,Nicolais,Metterick,nmetterick46@abc.net.au,Male,97.1.250.174
152,Drusy,Cultcheth,dcultcheth47@jimdo.com,Female,169.110.105.157
153,Fergus,Schouthede,fschouthede48@reddit.com,Male,109.154.43.169
154,Tabby,Penwarden,tpenwarden49@github.io,Female,213.250.135.127
155,Sigismond,Rogger,srogger4a@soup.io,Male,75.88.151.240
156,Ardella,MacGiany,amacgiany4b@microsoft.com,Female,169.28.255.164
157,Rena,Caughan,rcaughan4c@army.mil,Female,194.68.201.168
158,Laurena,Ciotti,lciotti4d@alexa.com,Female,200.134.151.17
159,Arden,Harms,aharms4e@goodreads.com,Female,164.144.87.14
160,Sky,Mingay,smingay4f@biglobe.ne.jp,Male,13.141.199.192
161,Maynord,Bradden,mbradden4g@csmonitor.com,Agender,115.7.226.179
162,Cullin,Gannaway,cgannaway4h@vkontakte.ru,Male,23.166.10.144
163,Loise,Waistall,lwaistall4i@foxnews.com,Female,173.93.72.206
164,Skippy,Delwater,sdelwater4j@foxnews.com,Male,234.22.102.218
165,Chilton,Osment,cosment4k@java.com,Male,193.253.109.203
166,Farris,Lambregts,flambregts4l@ebay.co.uk,Male,48.134.59.220
167,Flor,Boyall,fboyall4m@ning.com,Female,86.163.227.117
168,Kiel,Murname,kmurname4n@biblegateway.com,Male,215.155.190.78
169,Delbert,Latch,dlatch4o@nasa.gov,Male,7.211.16.205
170,Sauncho,Keston,skeston4p@domainmarket.com,Male,103.112.139.249
171,Emmey,Sharp,esharp4q@is.gd,Female,75.136.168.56
172,Frederik,Paule,fpaule4r@xinhuanet.com,Male,34.208.88.13
173,Bryn,Qusklay,bqusklay4s@techcrunch.com,Male,97.64.169.217
174,Bettina,Bahia,bbahia4t@admin.ch,Female,230.61.169.176
175,Jeromy,Canizares,jcanizares4u@dot.gov,Male,72.72.123.155
176,Yankee,Crosi,ycrosi4v@arizona.edu,Male,192.51.15.237
177,Penrod,May,pmay4w@ovh.net,Male,88.172.105.110
178,Beverly,Cudde,bcudde4x@un.org,Female,117.41.197.181
179,Pet,Bartell,pbartell4y@loc.gov,Agender,185.112.99.248
180,Jennine,Warre,jwarre4z@bing.com,Female,208.107.229.193
181,Bebe,Borres,bborres50@bloglines.com,Female,159.252.252.93
182,Elli,Sadat,esadat51@123-reg.co.uk,Female,191.211.238.47
183,Annora,Featherstone,afeatherstone52@disqus.com,Female,20.17.60.163
184,Johnnie,Dewes,jdewes53@etsy.com,Male,208.119.106.23
185,Waly,Beeswing,wbeeswing54@google.co.uk,Female,56.77.51.82
186,Elvis,Vann,evann55@princeton.edu,Male,69.245.49.243
187,Linoel,Kerbey,lkerbey56@hc360.com,Male,42.35.74.254
188,Crosby,Skydall,cskydall57@macromedia.com,Male,40.28.58.216
189,Valery,Kennet,vkennet58@kickstarter.com,Female,251.135.61.151
190,Jesse,Dumbellow,jdumbellow59@house.gov,Male,82.52.186.143
191,Sarajane,Turpin,sturpin5a@delicious.com,Female,72.208.137.134
192,Kliment,St. Ledger,kstledger5b@salon.com,Male,179.54.100.35
193,Tiffy,Duchant,tduchant5c@miibeian.gov.cn,Female,165.145.200.84
194,Odey,Hucke,ohucke5d@msn.com,Male,128.22.151.40
195,Johnette,Poyle,jpoyle5e@a8.net,Genderqueer,216.40.19.238
196,Guillemette,Paff,gpaff5f@t.co,Female,88.93.172.254
197,Estella,Necolds,enecolds5g@plala.or.jp,Female,139.22.205.13
198,Leo,Mc-Kerley,lmckerley5h@npr.org,Male,77.66.60.160
199,Horacio,Tegeller,htegeller5i@xing.com,Male,72.180.98.165
200,Sidney,Wanek,swanek5j@etsy.com,Male,61.206.109.69
201,Eryn,Sarginson,esarginson5k@quantcast.com,Female,131.191.110.97
202,Tabina,Firebrace,tfirebrace5l@sitemeter.com,Female,105.117.164.211
203,Gisela,Gaukroger,ggaukroger5m@sbwire.com,Female,41.0.216.247
204,Spencer,Smalridge,ssmalridge5n@webs.com,Male,254.102.103.117
205,Deana,Balma,dbalma5o@umn.edu,Female,139.20.164.249
206,Sela,Mulran,smulran5p@canalblog.com,Female,169.171.82.58
207,Nat,Musk,nmusk5q@slate.com,Male,36.247.191.153
208,Donna,Casa,dcasa5r@chron.com,Female,166.51.124.243
209,Shay,Collum,scollum5s@google.cn,Male,48.138.105.163
210,Rhys,Scown,rscown5t@geocities.jp,Male,21.141.212.238
211,Erminia,Congdon,econgdon5u@buzzfeed.com,Female,194.106.253.160
212,Erika,Berrie,eberrie5v@e-recht24.de,Female,105.107.75.15
213,Berny,Halwill,bhalwill5w@gizmodo.com,Female,236.178.44.152
214,Dene,Jimson,djimson5x@people.com.cn,Male,18.180.138.68
215,Gae,Clines,gclines5y@jigsy.com,Female,222.185.122.135
216,Bartlet,Quarlis,bquarlis5z@unblog.fr,Male,68.220.90.237
217,Martynne,Gebhardt,mgebhardt60@psu.edu,Female,52.139.52.5
218,August,April,aapril61@indiatimes.com,Male,28.201.192.96
219,Stan,Bottrell,sbottrell62@usda.gov,Male,128.222.75.227
220,Kiele,Prettyjohns,kprettyjohns63@is.gd,Female,146.230.220.50
221,Greta,Emmins,gemmins64@prlog.org,Female,106.48.80.93
222,Nat,Marsters,nmarsters65@yahoo.co.jp,Female,182.85.185.33
223,Guillermo,Meritt,gmeritt66@amazon.co.uk,Male,240.123.160.207
224,Veronique,Brandenburg,vbrandenburg67@soundcloud.com,Female,232.93.163.222
225,Vere,Longthorne,vlongthorne68@yahoo.co.jp,Female,31.151.150.131
226,Allis,Hazley,ahazley69@canalblog.com,Female,63.132.52.194
227,Tam,Jeffries,tjeffries6a@mozilla.org,Male,66.251.211.57
228,Sile,Yitzhok,syitzhok6b@cnbc.com,Female,88.231.152.182
229,Faun,Murdie,fmurdie6c@google.com.au,Female,6.156.18.56
230,Antin,Rowbottom,arowbottom6d@cbsnews.com,Male,104.41.73.244
231,Guy,Buckel,gbuckel6e@weibo.com,Male,154.143.87.142
232,Angel,Truckett,atruckett6f@fda.gov,Male,135.226.226.72
233,Rolland,Clelle,rclelle6g@webmd.com,Male,100.35.30.126
234,Alistair,Defries,adefries6h@pbs.org,Male,157.46.77.244
235,Joaquin,De Benedictis,jdebenedictis6i@paypal.com,Male,187.138.130.125
236,Tome,Adame,tadame6j@businessweek.com,Male,214.14.6.180
237,Florrie,Fallawe,ffallawe6k@de.vu,Agender,22.163.143.5
238,Rickey,Klima,rklima6l@wired.com,Male,71.115.65.54
239,Con,Hadley,chadley6m@walmart.com,Female,19.127.226.138
240,Cassius,Favel,cfavel6n@china.com.cn,Male,128.16.36.142
241,Nero,Barlie,nbarlie6o@typepad.com,Male,67.95.153.104
242,Flossi,Dimmer,fdimmer6p@clickbank.net,Polygender,105.66.219.79
243,Nicko,Colby,ncolby6q@creativecommons.org,Male,188.123.238.211
244,Rhodia,Thal,rthal6r@ucoz.com,Female,126.169.114.153
245,Trey,Bimrose,tbimrose6s@statcounter.com,Male,26.89.10.159
246,Drake,Cargen,dcargen6t@businessweek.com,Male,255.94.255.91
247,Bernhard,Whimper,bwhimper6u@sbwire.com,Bigender,129.173.146.61
248,Jessalin,Haswall,jhaswall6v@sakura.ne.jp,Female,19.105.254.178
249,Willem,Brightman,wbrightman6w@bbb.org,Male,93.166.163.136
250,Georgeanne,Kirkman,gkirkman6x@blogspot.com,Female,24.105.7.199
251,Northrop,Obern,nobern6y@ycombinator.com,Male,11.111.12.153
252,Adina,Schall,aschall6z@feedburner.com,Female,34.30.195.6
253,Lammond,Kleinpeltz,lkleinpeltz70@discovery.com,Male,68.244.181.194
254,Wallie,Creamer,wcreamer71@bigcartel.com,Male,21.227.158.116
255,Eldredge,Stammirs,estammirs72@odnoklassniki.ru,Male,197.249.133.24
256,Freda,Sizland,fsizland73@hubpages.com,Female,15.157.180.1
257,Giffie,Gerard,ggerard74@spiegel.de,Male,223.162.163.56
258,Drake,Bloggett,dbloggett75@google.es,Male,68.37.242.173
259,Ashly,Josselson,ajosselson76@wikipedia.org,Female,145.27.154.95
260,Nickola,Darnbrough,ndarnbrough77@patch.com,Male,71.189.55.1
261,Lev,Trobey,ltrobey78@mail.ru,Male,232.45.52.47
262,Doralyn,Carress,dcarress79@behance.net,Female,60.189.38.154
263,Garry,Melley,gmelley7a@furl.net,Male,166.83.83.54
264,Roanne,Whitsey,rwhitsey7b@imdb.com,Female,188.152.104.103
265,Ethelyn,Mosedale,emosedale7c@marriott.com,Female,135.110.234.144
266,Joly,Simonson,jsimonson7d@t-online.de,Female,40.92.198.49
267,Nicolle,Hellin,nhellin7e@chron.com,Female,167.41.164.206
268,Rafa,Matula,rmatula7f@t-online.de,Agender,25.242.24.68
269,Nial,Jessett,njessett7g@mayoclinic.com,Male,140.30.128.183
270,Barty,Maddin,bmaddin7h@diigo.com,Polygender,54.152.156.111
271,Christel,Bonds,cbonds7i@hud.gov,Female,33.125.160.249
272,Emlyn,Beltzner,ebeltzner7j@yellowbook.com,Female,158.213.201.44
273,Catina,Pinkstone,cpinkstone7k@webnode.com,Female,76.203.123.9
274,Dietrich,Cobbald,dcobbald7l@bloglines.com,Male,196.29.191.192
275,Abbey,Icke,aicke7m@diigo.com,Female,153.31.42.252
276,Kandace,Yankeev,kyankeev7n@auda.org.au,Female,31.58.7.78
277,Babb,Saunders,bsaunders7o@youtube.com,Polygender,174.129.240.202
278,Roderich,Dagger,rdagger7p@histats.com,Male,83.221.187.86
279,Seka,Goracci,sgoracci7q@home.pl,Female,185.173.29.151
280,Sharla,Sey,ssey7r@auda.org.au,Female,215.112.165.242
281,Eli,Isakovitch,eisakovitch7s@youtu.be,Male,134.66.127.243
282,Ravid,Drable,rdrable7t@amazon.co.uk,Male,251.56.68.14
283,Thibaut,Chetwind,tchetwind7u@washington.edu,Male,81.210.34.61
284,Markos,Coppen,mcoppen7v@cornell.edu,Male,2.243.61.132
285,Renaldo,Simoes,rsimoes7w@imageshack.us,Male,20.215.172.80
286,Kiel,Cogdon,kcogdon7x@miibeian.gov.cn,Male,132.254.90.58
287,Bradan,Cruddas,bcruddas7y@cafepress.com,Male,183.1.247.69
288,Kalil,Dockery,kdockery7z@utexas.edu,Male,128.177.116.46
289,Mallory,Cawse,mcawse80@businessweek.com,Male,235.178.79.131
290,Minette,Stannas,mstannas81@studiopress.com,Female,105.98.39.193
291,Wyndham,Burrage,wburrage82@washington.edu,Male,227.254.133.19
292,Raphael,McLeary,rmcleary83@icq.com,Male,187.212.156.214
293,Melesa,Afield,mafield84@washingtonpost.com,Bigender,138.238.52.167
294,Lanny,Lattin,llattin85@zdnet.com,Male,7.251.219.77
295,Darice,Stickells,dstickells86@ox.ac.uk,Female,113.201.255.125
296,Bambi,Hariot,bhariot87@edublogs.org,Female,236.228.216.147
297,Teriann,Bernhart,tbernhart88@flickr.com,Female,249.127.186.94
298,Madlen,Swedeland,mswedeland89@vimeo.com,Female,11.159.3.166
299,Tadeo,Bance,tbance8a@meetup.com,Male,103.137.180.73
300,Ban,Cowpertwait,bcowpertwait8b@discovery.com,Male,234.205.117.129
301,Florencia,Weddeburn,fweddeburn8c@forbes.com,Female,126.180.132.31
302,Davidson,Peacop,dpeacop8d@cam.ac.uk,Male,223.55.251.4
303,Ally,Hopkynson,ahopkynson8e@nytimes.com,Female,85.206.190.133
304,Jillana,Livesley,jlivesley8f@wordpress.org,Female,27.49.136.88
305,Bink,Vannini,bvannini8g@bigcartel.com,Male,202.210.15.209
306,Anni,Sedwick,asedwick8h@wikimedia.org,Female,156.202.207.133
307,Rafaellle,Halpin,rhalpin8i@unc.edu,Male,200.43.223.83
308,Danit,Dankov,ddankov8j@unesco.org,Female,125.231.2.101
309,Rollin,Disley,rdisley8k@nifty.com,Male,72.125.55.211
310,Katey,Shevlan,kshevlan8l@blogs.com,Female,18.115.214.6
311,Rafaelita,Pods,rpods8m@ed.gov,Female,191.29.90.254
312,Delmore,Baddeley,dbaddeley8n@hugedomains.com,Male,201.87.43.73
313,Yvor,Westwater,ywestwater8o@bigcartel.com,Male,205.118.181.67
314,Gayla,Sealand,gsealand8p@youtu.be,Female,53.17.41.85
315,Rachel,Coppock.,rcoppock8q@miibeian.gov.cn,Female,228.139.60.118
316,Taddeusz,Macconaghy,tmacconaghy8r@patch.com,Male,15.153.101.123
317,Geralda,Birtchnell,gbirtchnell8s@hp.com,Female,118.34.28.238
318,Wake,Hobgen,whobgen8t@paypal.com,Male,39.49.205.190
319,Neile,Boram,nboram8u@feedburner.com,Genderqueer,157.194.232.75
320,Beale,Waker,bwaker8v@123-reg.co.uk,Male,255.86.30.33
321,Calla,Challiss,cchalliss8w@shareasale.com,Female,89.149.5.62
322,Verile,Driscoll,vdriscoll8x@oakley.com,Female,132.201.55.79
323,Lief,Sorsby,lsorsby8y@scientificamerican.com,Male,242.45.15.83
324,Holli,Ebbs,hebbs8z@fema.gov,Female,192.157.250.208
325,Brew,Shanks,bshanks90@blog.com,Male,255.169.249.47
326,Marline,Diplock,mdiplock91@wordpress.com,Female,39.35.29.60
327,Raeann,Brent,rbrent92@blog.com,Female,43.187.246.240
328,Arri,Amsberger,aamsberger93@trellian.com,Male,97.163.22.51
329,Reggy,Hyder,rhyder94@upenn.edu,Male,52.195.15.52
330,Augustine,Askell,aaskell95@desdev.cn,Male,193.165.174.50
331,Fionna,Jankin,fjankin96@bloomberg.com,Female,67.175.149.44
332,Haily,Banbrook,hbanbrook97@mail.ru,Male,174.125.108.233
333,Redd,Baynham,rbaynham98@hao123.com,Male,151.66.50.225
334,Jaquelin,Jouanot,jjouanot99@irs.gov,Female,115.59.221.19
335,Deeanne,Sudy,dsudy9a@etsy.com,Female,207.168.240.181
336,Maurizio,Cahillane,mcahillane9b@angelfire.com,Male,215.19.209.66
337,Marcile,Dehm,mdehm9c@dropbox.com,Female,58.213.147.130
338,Kelsy,Crain,kcrain9d@prweb.com,Female,214.106.18.214
339,Alvera,Malletratt,amalletratt9e@yandex.ru,Female,46.84.48.12
340,Adrien,Fronczak,afronczak9f@bandcamp.com,Male,161.30.19.13
341,Vaughan,Pettisall,vpettisall9g@archive.org,Male,19.75.236.120
342,Anthea,Blezard,ablezard9h@nih.gov,Female,131.51.239.78
343,Hermie,Robertazzi,hrobertazzi9i@ed.gov,Male,233.231.78.191
344,Bing,Rouch,brouch9j@reference.com,Male,135.35.114.158
345,Adrian,Bernier,abernier9k@imageshack.us,Male,68.73.223.236
346,Franciska,Dangl,fdangl9l@ft.com,Bigender,78.173.184.233
347,Eliot,Shinn,eshinn9m@miitbeian.gov.cn,Male,73.103.75.89
348,Mitchel,Conyard,mconyard9n@umich.edu,Male,216.241.209.213
349,Valenka,Janacek,vjanacek9o@psu.edu,Female,21.142.86.63
350,Nikolai,Siege,nsiege9p@nature.com,Polygender,224.224.104.76
351,Caddric,Collar,ccollar9q@usa.gov,Male,27.253.117.56
352,Mattheus,Flintoffe,mflintoffe9r@shinystat.com,Male,125.6.174.140
353,Gradey,Doohan,gdoohan9s@tamu.edu,Male,95.204.38.79
354,Marty,Van Der Weedenburg,mvanderweedenburg9t@flavors.me,Male,36.253.66.244
355,Prissie,Betton,pbetton9u@microsoft.com,Female,222.39.210.92
356,Connie,McDade,cmcdade9v@bandcamp.com,Genderqueer,39.146.174.84
357,Dilan,Adamou,dadamou9w@mozilla.org,Male,223.217.200.223
358,Dyane,Fanshawe,dfanshawe9x@homestead.com,Female,80.123.62.120
359,Mariejeanne,Cordelet,mcordelet9y@hud.gov,Female,54.25.217.219
360,Ludvig,Andrich,landrich9z@economist.com,Male,138.203.140.217
361,Mel,Vescovo,mvescovoa0@prnewswire.com,Female,237.133.69.132
362,Cosetta,Jeschner,cjeschnera1@photobucket.com,Female,105.199.20.60
363,Bonnie,Morriarty,bmorriartya2@vk.com,Female,227.211.166.144
364,Reinhold,GiacobbiniJacob,rgiacobbinijacoba3@simplemachines.org,Male,187.196.96.129
365,Jyoti,Rosencrantz,jrosencrantza4@wunderground.com,Female,105.200.228.92
366,Nathalia,Midford,nmidforda5@oaic.gov.au,Female,244.191.113.161
367,Clemmie,Pepis,cpepisa6@mapy.cz,Male,240.195.78.135
368,Giusto,Farraway,gfarrawaya7@gizmodo.com,Male,241.10.5.195
369,Alejandrina,Strond,astronda8@livejournal.com,Female,226.213.202.19
370,Farr,Klassman,fklassmana9@bandcamp.com,Male,126.226.211.233
371,Skell,Menendes,smenendesaa@drupal.org,Male,144.254.60.43
372,Bryce,Perocci,bperocciab@usa.gov,Male,73.42.19.192
373,Caty,Votier,cvotierac@xinhuanet.com,Female,198.100.214.171
374,Jesselyn,Farnie,jfarniead@wikia.com,Female,14.93.162.44
375,Geneva,Nelm,gnelmae@so-net.ne.jp,Female,21.21.184.241
376,Brynne,Kenrat,bkenrataf@digg.com,Genderfluid,253.115.238.162
377,Estelle,Kinkead,ekinkeadag@wisc.edu,Polygender,170.231.143.210
378,Vida,Mulvaney,vmulvaneyah@exblog.jp,Female,215.10.183.240
379,Morlee,Proswell,mproswellai@google.it,Male,41.49.187.49
380,Laurette,Simmings,lsimmingsaj@liveinternet.ru,Female,100.64.163.229
381,Mela,Cunniam,mcunniamak@epa.gov,Female,235.94.125.73
382,Kennett,Thewless,kthewlessal@va.gov,Male,78.217.197.171
383,Coriss,Whilde,cwhildeam@quantcast.com,Female,214.138.0.116
384,Lynn,Kneaphsey,lkneaphseyan@oakley.com,Male,88.31.156.54
385,Cherin,Oxshott,coxshottao@i2i.jp,Female,176.4.142.1
386,Zachery,Haughian,zhaughianap@kickstarter.com,Male,160.61.53.132
387,Rosana,Kerner,rkerneraq@columbia.edu,Female,235.252.227.180
388,Lynda,Tocher,ltocherar@bloglovin.com,Female,205.4.166.171
389,Maximilien,Points,mpointsas@usgs.gov,Male,123.52.230.148
390,Miquela,Arno,marnoat@economist.com,Female,193.197.233.255
391,Daffy,Kristof,dkristofau@discovery.com,Female,1.183.101.136
392,Dietrich,Febvre,dfebvreav@merriam-webster.com,Agender,100.92.82.125
393,Alyssa,Guiness,aguinessaw@jigsy.com,Female,130.104.80.191
394,Joannes,McNay,jmcnayax@networkadvertising.org,Female,249.158.50.232
395,Fawn,Tax,ftaxay@ucoz.com,Female,231.82.219.53
396,Vitia,Dreinan,vdreinanaz@constantcontact.com,Female,124.165.24.167
397,Jessalyn,Bracchi,jbracchib0@ow.ly,Female,139.17.46.104
398,Jaymie,Coldridge,jcoldridgeb1@unesco.org,Male,42.3.175.157
399,Bethany,Harrod,bharrodb2@google.ca,Female,241.103.116.146
400,Hurlee,Paulat,hpaulatb3@marketwatch.com,Male,202.78.8.79
401,Tamiko,Karpf,tkarpfb4@tamu.edu,Female,20.181.104.69
402,Josepha,Tomczynski,jtomczynskib5@wp.com,Female,238.13.50.80
403,Judy,Slingsby,jslingsbyb6@globo.com,Female,10.169.192.36
404,Ban,Axcell,baxcellb7@narod.ru,Male,88.233.193.254
405,Caroljean,Herreran,cherreranb8@php.net,Female,142.27.206.69
406,Jeremie,Vallery,jvalleryb9@narod.ru,Male,171.71.59.138
407,Daven,Skillett,dskillettba@telegraph.co.uk,Male,182.61.190.63
408,Tarrance,Seagrave,tseagravebb@github.com,Agender,23.39.187.0
409,Valle,Smogur,vsmogurbc@sbwire.com,Male,124.45.88.246
410,Niels,Thies,nthiesbd@dailymail.co.uk,Male,113.101.211.55
411,Aldric,Briamo,abriamobe@abc.net.au,Male,19.119.177.5
412,Cesar,Schapiro,cschapirobf@deviantart.com,Male,245.94.244.42
413,Rayna,Fedynski,rfedynskibg@nasa.gov,Female,155.85.64.54
414,Sayers,Shellshear,sshellshearbh@flavors.me,Male,84.243.63.252
415,Tuck,Bierling,tbierlingbi@nps.gov,Male,77.244.231.9
416,Timmie,Argontt,targonttbj@toplist.cz,Male,158.178.178.18
417,Hazel,Buckoke,hbuckokebk@google.es,Female,136.79.16.179
418,Hermon,Gowler,hgowlerbl@cnn.com,Male,127.252.115.26
419,Janenna,Loachhead,jloachheadbm@seattletimes.com,Female,148.47.68.20
420,Etheline,Hoys,ehoysbn@sun.com,Female,29.254.12.40
421,Rowland,Donoghue,rdonoghuebo@qq.com,Male,55.192.37.156
422,Phyllida,Hawley,phawleybp@buzzfeed.com,Female,53.95.69.40
423,Flossi,Slyman,fslymanbq@biglobe.ne.jp,Female,153.154.148.245
424,Gavra,Noirel,gnoirelbr@prlog.org,Female,100.193.225.11
425,Alwyn,Ferreres,aferreresbs@linkedin.com,Male,119.186.15.97
426,Ariana,Wickenden,awickendenbt@surveymonkey.com,Female,128.139.77.26
427,Rudolf,Gallone,rgallonebu@state.tx.us,Polygender,206.174.169.75
428,Rafi,Buckney,rbuckneybv@redcross.org,Male,33.248.219.218
429,Ellen,Tregian,etregianbw@washingtonpost.com,Bigender,88.207.248.210
430,Ellen,Ossipenko,eossipenkobx@nhs.uk,Female,24.253.86.86
431,Kailey,Lapre,klapreby@mit.edu,Female,244.197.130.117
432,Ellery,Cruces,ecrucesbz@ycombinator.com,Male,52.192.233.106
433,Anthe,Hayter,ahayterc0@cam.ac.uk,Female,166.21.33.103
434,Brandais,Loade,bloadec1@who.int,Female,125.20.232.91
435,Romeo,Rumbold,rrumboldc2@yelp.com,Male,125.48.56.82
436,Enoch,Loudian,eloudianc3@cocolog-nifty.com,Non-binary,177.151.147.136
437,Gayel,Kilkenny,gkilkennyc4@diigo.com,Bigender,255.115.214.86
438,Nicolina,Grzeszczak,ngrzeszczakc5@unesco.org,Female,114.106.209.235
439,Sofia,Southwick,ssouthwickc6@storify.com,Female,16.19.41.60
440,Rudolph,Pollard,rpollardc7@toplist.cz,Male,142.168.234.34
441,Gustavus,Hawkswell,ghawkswellc8@foxnews.com,Non-binary,47.9.254.180
442,Carla,Braddock,cbraddockc9@statcounter.com,Female,242.204.26.11
443,Maurizia,Balls,mballsca@networkadvertising.org,Female,99.117.25.52
444,Kimberlee,Vonderdell,kvonderdellcb@wunderground.com,Female,18.28.174.250
445,Brietta,Weekley,bweekleycc@xinhuanet.com,Genderqueer,105.29.41.184
446,Rufe,Hadcock,rhadcockcd@hp.com,Non-binary,5.2.46.122
447,Romonda,Prettyjohn,rprettyjohnce@cdbaby.com,Female,148.220.238.210
448,Glory,Baty,gbatycf@yellowpages.com,Female,244.203.174.46
449,Randee,Parley,rparleycg@sciencedirect.com,Female,184.15.163.199
450,Georgi,Adam,gadamch@i2i.jp,Male,108.163.48.45
451,Lia,Gillions,lgillionsci@freewebs.com,Female,64.161.161.76
452,Donella,Isakson,disaksoncj@twitpic.com,Female,66.57.1.83
453,Chance,Guest,cguestck@ihg.com,Male,142.210.212.55
454,Nevile,Leal,nlealcl@boston.com,Male,80.21.197.163
455,Martelle,Kurten,mkurtencm@craigslist.org,Female,231.10.56.203
456,Daloris,Mark,dmarkcn@ted.com,Female,215.133.177.108
457,Gallard,Brobak,gbrobakco@parallels.com,Male,164.71.5.117
458,Jacob,Stubbington,jstubbingtoncp@jiathis.com,Male,85.41.84.169
459,Kasper,Spata,kspatacq@nhs.uk,Genderqueer,120.94.88.18
460,Dorian,Gendrich,dgendrichcr@google.co.uk,Male,249.182.233.243
461,Nickolai,Curragh,ncurraghcs@cdbaby.com,Male,186.174.102.205
462,Werner,Boxhall,wboxhallct@usgs.gov,Male,37.179.232.73
463,Bob,Fendt,bfendtcu@nymag.com,Male,136.225.53.132
464,Cozmo,Caldera,ccalderacv@engadget.com,Male,178.143.82.153
465,Ingeberg,Matschek,imatschekcw@telegraph.co.uk,Female,179.156.52.184
466,Clo,Pont,cpontcx@discuz.net,Female,70.87.122.246
467,Othello,McCumesky,omccumeskycy@cnet.com,Male,50.56.152.239
468,Anitra,Bolam,abolamcz@reverbnation.com,Female,246.216.159.125
469,Clarisse,Iacovelli,ciacovellid0@omniture.com,Female,142.131.92.125
470,Aviva,Carsey,acarseyd1@psu.edu,Female,174.152.182.241
471,Hardy,Parram,hparramd2@businessweek.com,Male,102.217.66.34
472,Shermy,Colbourn,scolbournd3@digg.com,Male,230.175.232.88
473,Isacco,Le Gall,ilegalld4@telegraph.co.uk,Genderqueer,17.159.54.10
474,Norris,Fromont,nfromontd5@cloudflare.com,Male,134.250.124.157
475,Agneta,Payley,apayleyd6@merriam-webster.com,Female,232.213.197.8
476,Edik,Fyrth,efyrthd7@newyorker.com,Male,254.16.66.113
477,Durward,Pollack,dpollackd8@cbsnews.com,Male,213.21.151.106
478,Colly,Allflatt,callflattd9@blogspot.com,Female,213.73.124.172
479,Cedric,Clara,cclarada@clickbank.net,Male,94.31.7.154
480,Kathrine,Lanaway,klanawaydb@ustream.tv,Female,143.86.133.239
481,Bat,Dekeyser,bdekeyserdc@state.tx.us,Male,189.228.104.29
482,Tamara,Evesque,tevesquedd@trellian.com,Female,153.136.94.76
483,Gertruda,Izkovitch,gizkovitchde@msu.edu,Female,115.209.91.69
484,Baxy,Gorcke,bgorckedf@fc2.com,Male,13.96.45.120
485,Lyon,Kynman,lkynmandg@hatena.ne.jp,Male,175.100.205.164
486,Ronny,Brayshaw,rbrayshawdh@archive.org,Male,205.56.188.216
487,Laure,Evesque,levesquedi@shutterfly.com,Female,41.86.30.116
488,Doe,Rockcliff,drockcliffdj@adobe.com,Female,11.193.31.149
489,Harvey,Jailler,hjaillerdk@whitehouse.gov,Male,215.217.129.253
490,Leisha,Islep,lislepdl@cdc.gov,Female,9.71.97.152
491,Elton,Boig,eboigdm@statcounter.com,Genderqueer,141.85.5.113
492,Saba,Stratz,sstratzdn@si.edu,Female,254.199.215.166
493,Hubert,Simondson,hsimondsondo@cbslocal.com,Male,250.168.217.105
494,Bonni,Calliss,bcallissdp@mit.edu,Female,226.210.37.191
495,Yolande,Staton,ystatondq@edublogs.org,Female,108.233.144.77
496,Yoshi,Baxstar,ybaxstardr@gnu.org,Female,72.119.36.119
497,Natassia,Meatyard,nmeatyardds@nasa.gov,Female,81.211.217.218
498,Lanni,McPharlain,lmcpharlaindt@dailymotion.com,Female,29.225.35.64
499,Linoel,Breton,lbretondu@usgs.gov,Male,170.211.131.5
500,Tani,Daye,tdayedv@aboutads.info,Female,128.14.77.194
501,Kitty,Lugton,klugtondw@arstechnica.com,Female,79.122.106.228
502,Kayley,Comettoi,kcomettoidx@nifty.com,Agender,119.167.99.110
503,Junette,Grimestone,jgrimestonedy@histats.com,Female,192.96.50.107
504,Sidney,McCart,smccartdz@princeton.edu,Male,249.158.71.184
505,Stavros,Croneen,scroneene0@msn.com,Male,162.99.189.178
506,Alano,Weymouth,aweymouthe1@rambler.ru,Male,193.213.71.94
507,Bev,Pakenham,bpakenhame2@imgur.com,Female,177.216.229.94
508,Brenden,Lysons,blysonse3@economist.com,Male,74.234.245.59
509,Crysta,Warret,cwarrete4@springer.com,Female,178.155.255.236
510,Caterina,Videan,cvideane5@is.gd,Female,42.29.5.139
511,Gretel,Duffie,gduffiee6@nih.gov,Female,83.21.208.204
512,Kaycee,Gillatt,kgillatte7@comsenz.com,Agender,33.101.247.64
513,Mariellen,Bram,mbrame8@deliciousdays.com,Female,130.202.30.188
514,Francisca,Thorley,fthorleye9@pcworld.com,Non-binary,91.31.232.45
515,Ravi,Pasby,rpasbyea@spotify.com,Male,132.16.179.213
516,Byram,Laven,blaveneb@cbsnews.com,Male,171.150.233.242
517,Ginger,Raffles,grafflesec@scribd.com,Male,90.26.194.16
518,Matthew,Daburn,mdaburned@bloglines.com,Male,60.52.16.100
519,Denny,Coddington,dcoddingtonee@liveinternet.ru,Male,202.68.136.92
520,Terza,Bosson,tbossonef@123-reg.co.uk,Female,69.203.80.203
521,Gearard,MacAindreis,gmacaindreiseg@histats.com,Male,184.74.141.202
522,Hernando,Quinn,hquinneh@skyrock.com,Polygender,113.71.67.230
523,Brita,Watmough,bwatmoughei@mediafire.com,Female,217.150.73.50
524,Lucho,Clohessy,lclohessyej@google.ru,Male,50.4.240.159
525,Nertie,Jelleman,njellemanek@cbsnews.com,Female,137.250.250.225
526,Morgen,Ziemens,mziemensel@cornell.edu,Female,56.128.70.238
527,Jeannette,Pleasance,jpleasanceem@sciencedirect.com,Female,124.94.204.117
528,Evyn,Semered,esemereden@wikipedia.org,Male,245.97.23.129
529,Cirilo,Asker,caskereo@cocolog-nifty.com,Male,210.198.193.203
530,Denny,Matthessen,dmatthessenep@godaddy.com,Male,99.40.220.72
531,Shelden,Borrel,sborreleq@businessinsider.com,Male,252.129.170.140
532,Alexandra,Hebborne,ahebborneer@acquirethisname.com,Bigender,44.82.181.34
533,Sim,Danev,sdaneves@vistaprint.com,Male,55.210.131.8
534,Vivia,Wilkin,vwilkinet@4shared.com,Female,239.37.133.184
535,Bessy,Fuller,bfullereu@telegraph.co.uk,Female,169.120.53.143
536,Riki,Simms,rsimmsev@amazon.de,Female,31.177.249.138
537,Carry,Hurd,churdew@boston.com,Female,54.52.83.203
538,Vally,Naldrett,vnaldrettex@chronoengine.com,Female,58.152.72.197
539,Josefa,Gehrtz,jgehrtzey@phpbb.com,Female,45.5.174.189
540,Kenny,Tomas,ktomasez@ihg.com,Male,34.253.60.182
541,Robb,Gaines,rgainesf0@geocities.com,Male,27.34.112.38
542,Ermengarde,Garlic,egarlicf1@samsung.com,Female,114.244.43.242
543,Sigismund,McCarry,smccarryf2@cdbaby.com,Male,130.103.49.129
544,Harmon,Smallcombe,hsmallcombef3@g.co,Male,238.206.13.149
545,Karin,Gutowski,kgutowskif4@hao123.com,Bigender,169.40.152.251
546,Win,Wetheril,wwetherilf5@51.la,Male,3.141.131.51
547,Geri,Dearell,gdearellf6@woothemes.com,Male,40.40.128.16
548,Walker,Gammell,wgammellf7@istockphoto.com,Male,116.238.144.205
549,Faydra,de'-Ancy Willis,fdeancywillisf8@virginia.edu,Female,211.132.194.100
550,Carlo,Ensley,censleyf9@cloudflare.com,Male,16.235.11.174
551,Amie,Urion,aurionfa@google.com.hk,Female,167.143.106.193
552,Davidde,Hayball,dhayballfb@mac.com,Male,197.145.128.145
553,Shellie,Macieiczyk,smacieiczykfc@flickr.com,Female,76.232.69.142
554,Doug,McCafferky,dmccafferkyfd@si.edu,Male,49.254.243.113
555,Theresina,Gerg,tgergfe@skype.com,Female,151.125.246.237
556,Morley,Bradd,mbraddff@geocities.jp,Male,114.195.109.78
557,Isabelita,Sybry,isybryfg@bbb.org,Female,243.112.138.45
558,Paton,Hinchshaw,phinchshawfh@slideshare.net,Bigender,179.58.95.119
559,Yelena,Clendinning,yclendinningfi@bbb.org,Female,201.129.77.73
560,Garv,Pretsel,gpretselfj@nydailynews.com,Polygender,96.12.90.65
561,Babette,Clemmen,bclemmenfk@thetimes.co.uk,Female,211.161.4.197
562,Carleton,Cornejo,ccornejofl@upenn.edu,Male,7.241.236.157
563,Devlen,Tiler,dtilerfm@skyrock.com,Male,128.230.34.172
564,Nomi,Jessop,njessopfn@instagram.com,Female,76.29.157.153
565,Edmon,Sobtka,esobtkafo@pcworld.com,Male,109.246.173.195
566,Shandy,Manz,smanzfp@google.nl,Female,187.221.25.153
567,Edi,Buy,ebuyfq@1und1.de,Female,63.75.120.142
568,Brendan,Cowlard,bcowlardfr@accuweather.com,Male,240.6.95.32
569,Kevan,Folkerts,kfolkertsfs@oaic.gov.au,Male,74.177.253.146
570,Penrod,Caroline,pcarolineft@scribd.com,Male,149.56.72.209
571,Jobina,Oattes,joattesfu@smh.com.au,Female,221.72.148.208
572,Letizia,Cotty,lcottyfv@umich.edu,Female,17.238.246.179
573,Kain,Devas,kdevasfw@dailymail.co.uk,Male,143.38.247.211
574,Crissie,Plaistowe,cplaistowefx@stanford.edu,Female,139.8.115.164
575,Pippo,Boggs,pboggsfy@ed.gov,Male,174.95.157.184
576,Gusty,Rumford,grumfordfz@prlog.org,Female,71.129.168.16
577,Tabb,Verson,tversong0@ucoz.ru,Male,57.39.60.227
578,Constantino,Myderscough,cmyderscoughg1@yandex.ru,Polygender,135.163.83.49
579,Jessalyn,Spacey,jspaceyg2@drupal.org,Female,211.106.147.74
580,Norbie,Diperaus,ndiperausg3@meetup.com,Male,114.253.178.218
581,Athena,Dumbarton,adumbartong4@google.it,Non-binary,45.87.17.75
582,Stormie,Earthfield,searthfieldg5@cnbc.com,Female,15.155.187.170
583,Sharron,Hartrick,shartrickg6@reuters.com,Female,54.182.134.9
584,Stesha,Vallentin,svallenting7@technorati.com,Female,191.155.32.234
585,Abraham,Windous,awindousg8@furl.net,Male,212.115.246.111
586,Farrah,Ferronel,fferronelg9@mediafire.com,Female,50.86.233.207
587,Alison,Welbeck,awelbeckga@weebly.com,Female,203.149.204.188
588,Arne,Adshed,aadshedgb@springer.com,Male,221.161.158.85
589,Marnie,Blease,mbleasegc@flavors.me,Female,182.11.12.40
590,Ronalda,Calver,rcalvergd@comsenz.com,Female,143.96.194.150
591,Perri,Tomaselli,ptomasellige@liveinternet.ru,Female,84.71.117.30
592,Cal,Cabrara,ccabraragf@oracle.com,Female,82.188.79.80
593,Augustine,Mahody,amahodygg@adobe.com,Female,44.194.253.49
594,Fred,Please,fpleasegh@lycos.com,Male,29.119.222.186
595,Forbes,Gomby,fgombygi@sogou.com,Non-binary,108.91.231.138
596,Marlowe,Blandford,mblandfordgj@businessinsider.com,Male,36.247.158.104
597,Arturo,Maltby,amaltbygk@squarespace.com,Bigender,161.82.76.73
598,Kermy,Blackshaw,kblackshawgl@adobe.com,Male,156.24.3.182
599,Trish,Emons,temonsgm@fda.gov,Female,34.171.90.188
600,Kristyn,Youngman,kyoungmangn@clickbank.net,Female,221.189.15.114
601,Averil,Sandels,asandelsgo@examiner.com,Male,14.33.150.207
602,Elita,Witul,ewitulgp@desdev.cn,Female,60.123.94.249
603,Binnie,Cosslett,bcosslettgq@shinystat.com,Female,176.229.139.8
604,Lydie,Teall,lteallgr@yandex.ru,Female,211.83.117.134
605,Desi,Archibold,darchiboldgs@fotki.com,Male,124.46.188.229
606,Teresina,Boyack,tboyackgt@jugem.jp,Female,162.172.134.115
607,Loy,McClay,lmcclaygu@cloudflare.com,Male,222.79.156.94
608,Krispin,Outridge,koutridgegv@techcrunch.com,Male,60.125.224.171
609,Brittney,Dowears,bdowearsgw@timesonline.co.uk,Female,254.145.252.216
610,Clary,Potter,cpottergx@stumbleupon.com,Genderqueer,185.73.242.77
611,Wallis,Fishlock,wfishlockgy@mapquest.com,Genderqueer,57.192.201.40
612,Trescha,Rylands,trylandsgz@jimdo.com,Female,122.139.70.204
613,Ezequiel,Fairrie,efairrieh0@ovh.net,Male,189.59.92.44
614,Barbi,Durdle,bdurdleh1@cisco.com,Agender,103.193.136.203
615,Gerard,McLeish,gmcleishh2@paginegialle.it,Male,158.230.4.90
616,Neils,Cancott,ncancotth3@businessweek.com,Male,57.98.34.58
617,Tatiania,Brasher,tbrasherh4@whitehouse.gov,Female,77.145.253.254
618,Lilly,Micco,lmiccoh5@symantec.com,Female,204.78.141.75
619,Perla,Messum,pmessumh6@php.net,Female,171.245.113.84
620,Pru,Batts,pbattsh7@nydailynews.com,Bigender,199.167.243.59
621,Garvey,Barchrameev,gbarchrameevh8@squarespace.com,Male,112.250.166.216
622,Ronna,Penchen,rpenchenh9@illinois.edu,Female,184.65.161.199
623,Abbye,Nickolls,anickollsha@printfriendly.com,Female,179.243.199.68
624,Etti,Scarffe,escarffehb@blogs.com,Female,22.15.158.109
625,Lenard,Isaacs,lisaacshc@craigslist.org,Male,164.196.9.154
626,Gabie,Begg,gbegghd@flavors.me,Male,155.138.53.167
627,Sophronia,Gatfield,sgatfieldhe@unblog.fr,Female,85.163.215.11
628,Andee,Spaduzza,aspaduzzahf@about.me,Female,21.107.211.132
629,Bev,Eakens,beakenshg@scientificamerican.com,Female,244.146.168.232
630,Kelcie,Haker,khakerhh@microsoft.com,Female,62.39.72.73
631,Farrand,Segot,fsegothi@vkontakte.ru,Female,86.71.91.157
632,Fanechka,Allnatt,fallnatthj@vinaora.com,Female,65.180.225.71
633,Welbie,Lettsom,wlettsomhk@cisco.com,Male,41.124.27.197
634,Ted,Castille,tcastillehl@cnet.com,Male,43.51.33.24
635,Elyn,Dogg,edogghm@desdev.cn,Female,44.25.68.79
636,Jessey,Westphalen,jwestphalenhn@nba.com,Male,209.78.96.34
637,Dinny,De Luna,ddelunaho@gmpg.org,Female,19.81.117.221
638,Maurizio,Southey,msoutheyhp@psu.edu,Male,233.195.109.112
639,Eugenia,Antao,eantaohq@example.com,Female,44.98.45.47
640,Nicholle,Krook,nkrookhr@google.it,Genderfluid,126.205.79.214
641,Virgil,Larby,vlarbyhs@wiley.com,Male,41.89.175.138
642,Halli,Gemelli,hgemelliht@weather.com,Female,177.224.237.30
643,Ignacio,Tadd,itaddhu@51.la,Male,86.89.38.115
644,Orville,Shimwell,oshimwellhv@flickr.com,Male,235.175.8.157
645,Audie,Calvert,acalverthw@lulu.com,Female,158.201.71.193
646,Rosabella,Edwick,redwickhx@netscape.com,Female,166.173.243.254
647,Bartolomeo,Gittis,bgittishy@ox.ac.uk,Male,98.229.120.238
648,Corrie,Djokic,cdjokichz@lycos.com,Male,144.160.92.5
649,Bambi,Baggs,bbaggsi0@marketwatch.com,Bigender,227.48.210.146
650,Avrit,Essberger,aessbergeri1@huffingtonpost.com,Female,81.12.242.35
651,Morena,Keenor,mkeenori2@businessinsider.com,Bigender,140.174.108.135
652,Bobbe,Hedworth,bhedworthi3@uol.com.br,Female,120.75.86.52
653,Duke,Shankland,dshanklandi4@51.la,Male,113.72.238.33
654,Lorettalorna,Callen,lcalleni5@bluehost.com,Female,52.220.156.68
655,Iain,Stoffel,istoffeli6@wix.com,Male,185.113.57.163
656,Jaine,Philipsohn,jphilipsohni7@eepurl.com,Polygender,190.56.98.62
657,Joleen,Fever,jfeveri8@barnesandnoble.com,Female,49.226.14.72
658,Van,Dyers,vdyersi9@usda.gov,Male,190.178.25.95
659,Tabbie,Lorenzetto,tlorenzettoia@rakuten.co.jp,Male,110.97.41.28
660,Raleigh,Cullington,rcullingtonib@dion.ne.jp,Male,131.51.36.42
661,Nessy,Lillford,nlillfordic@nifty.com,Female,163.15.117.92
662,Kimmy,Mucci,kmucciid@yelp.com,Female,177.142.186.115
663,Harlin,Jell,hjellie@exblog.jp,Male,22.40.166.100
664,Evvy,De Dei,ededeiif@usa.gov,Female,15.122.59.113
665,Neilla,Beagles,nbeaglesig@cbslocal.com,Female,157.1.163.101
666,Anita,Daid,adaidih@netvibes.com,Female,68.141.178.209
667,Anderson,McGillivray,amcgillivrayii@discovery.com,Genderfluid,255.25.130.73
668,Alexis,Spriggen,aspriggenij@vk.com,Male,185.50.83.15
669,Karon,Hatley,khatleyik@g.co,Female,214.97.234.222
670,Terrie,Mixter,tmixteril@wired.com,Female,134.180.78.141
671,Galen,Scotford,gscotfordim@tinypic.com,Male,206.91.13.16
672,Shauna,Jakubovics,sjakubovicsin@liveinternet.ru,Non-binary,81.77.209.185
673,Madeleine,McCann,mmccannio@yahoo.com,Female,150.179.224.140
674,Alan,Schukert,aschukertip@diigo.com,Male,144.74.190.236
675,Chance,Lux,cluxiq@wunderground.com,Male,121.72.7.123
676,Diane-marie,Farry,dfarryir@cpanel.net,Female,13.17.105.110
677,Teresina,Kundt,tkundtis@dell.com,Female,18.46.139.66
678,Nestor,Gerb,ngerbit@indiatimes.com,Male,238.13.175.176
679,Lemar,Beinke,lbeinkeiu@ed.gov,Male,0.174.173.27
680,Charmian,Gillman,cgillmaniv@state.tx.us,Female,113.72.157.136
681,Mina,Rossander,mrossanderiw@ihg.com,Female,178.224.242.3
682,Joby,Humes,jhumesix@fc2.com,Female,141.52.254.23
683,Madlen,Emsden,memsdeniy@marriott.com,Female,114.88.104.174
684,Lemar,Smye,lsmyeiz@studiopress.com,Male,35.108.110.219
685,Dale,Pie,dpiej0@ft.com,Genderqueer,206.13.21.183
686,Pat,Gunton,pguntonj1@4shared.com,Male,71.170.47.25
687,Kahaleel,Benedyktowicz,kbenedyktowiczj2@amazon.co.uk,Male,126.133.26.179
688,Zaccaria,Keneleyside,zkeneleysidej3@howstuffworks.com,Male,159.136.7.77
689,Deana,Starte,dstartej4@csmonitor.com,Female,193.179.207.98
690,Otis,Niblett,oniblettj5@china.com.cn,Male,115.39.13.25
691,Tyne,Gowans,tgowansj6@fotki.com,Female,210.123.89.80
692,Charmion,Gimenez,cgimenezj7@skyrock.com,Female,237.131.81.7
693,Milicent,Baseggio,mbaseggioj8@bravesites.com,Female,14.32.179.66
694,Krissy,Bertram,kbertramj9@europa.eu,Female,116.1.74.206
695,Barty,Loren,blorenja@jugem.jp,Male,235.61.25.61
696,Weidar,Packe,wpackejb@twitpic.com,Male,204.43.98.224
697,Georgianna,Donat,gdonatjc@spotify.com,Female,63.209.203.180
698,Geoff,Jennery,gjenneryjd@w3.org,Male,5.185.187.189
699,Lynnette,Duester,lduesterje@mtv.com,Female,111.40.101.207
700,Uriah,Mc Menamin,umcmenaminjf@weibo.com,Male,99.223.203.97
701,Reynolds,Swinney,rswinneyjg@zimbio.com,Male,209.141.36.223
702,James,Hasely,jhaselyjh@state.gov,Male,248.74.116.7
703,Ikey,Heindrick,iheindrickji@goo.gl,Male,102.37.26.86
704,Roxie,Glanester,rglanesterjj@unc.edu,Female,160.151.241.80
705,Amalee,Morteo,amorteojk@flavors.me,Female,219.128.223.84
706,Tanny,Shortin,tshortinjl@mail.ru,Male,136.68.92.63
707,Claire,Venner,cvennerjm@youtu.be,Female,62.238.109.122
708,Nolana,Skippen,nskippenjn@statcounter.com,Female,46.15.187.159
709,Stavros,Mullen,smullenjo@eepurl.com,Male,164.190.239.42
710,Wolfy,Crewther,wcrewtherjp@tinyurl.com,Male,26.217.38.242
711,Ted,Courtman,tcourtmanjq@zdnet.com,Male,201.201.238.120
712,Robers,Jaggs,rjaggsjr@parallels.com,Male,211.213.120.243
713,Goldia,Coyle,gcoylejs@google.cn,Female,169.35.89.88
714,Christian,Reeken,creekenjt@timesonline.co.uk,Female,22.196.195.174
715,Annice,McMurthy,amcmurthyju@cnn.com,Female,30.254.166.23
716,Ephraim,Gobel,egobeljv@abc.net.au,Male,135.22.169.71
717,Beret,Cromer,bcromerjw@simplemachines.org,Female,125.60.94.78
718,Libbi,Roberson,lrobersonjx@lycos.com,Female,99.26.244.91
719,Casi,Lanyon,clanyonjy@adobe.com,Female,2.238.105.130
720,Clare,Reade,creadejz@ehow.com,Male,238.15.249.162
721,Milzie,Ordelt,mordeltk0@gnu.org,Female,70.116.205.34
722,Reggi,Cass,rcassk1@pbs.org,Female,7.241.243.241
723,Dorette,Kernock,dkernockk2@squarespace.com,Female,113.146.161.55
724,Ilsa,Lidgate,ilidgatek3@cdc.gov,Genderqueer,250.3.225.210
725,Cross,Luckham,cluckhamk4@printfriendly.com,Male,41.178.233.41
726,Ardelia,Scarf,ascarfk5@amazon.co.jp,Female,53.105.118.60
727,Fianna,Sollis,fsollisk6@sfgate.com,Female,140.174.221.217
728,Hedvige,Souter,hsouterk7@youtu.be,Genderfluid,28.24.238.21
729,Anthea,Schooley,aschooleyk8@altervista.org,Female,244.229.63.43
730,Eldon,Gounin,egounink9@japanpost.jp,Agender,177.43.73.189
731,Patin,Crankhorn,pcrankhornka@nature.com,Male,208.9.225.74
732,Sibilla,Witherbed,switherbedkb@cbc.ca,Agender,109.145.124.95
733,Ruggiero,Mitchelmore,rmitchelmorekc@goodreads.com,Male,71.110.71.59
734,Brittan,Matthieson,bmatthiesonkd@multiply.com,Female,133.137.102.237
735,Roselia,Roby,rrobyke@google.es,Female,66.248.76.236
736,Mauricio,Togwell,mtogwellkf@ft.com,Male,126.215.184.4
737,Yancey,Naismith,ynaismithkg@nps.gov,Male,185.246.242.84
738,Darnall,Hulkes,dhulkeskh@livejournal.com,Male,211.255.9.71
739,Evered,Crippes,ecrippeski@walmart.com,Bigender,227.230.45.90
740,Waneta,Peggrem,wpeggremkj@wunderground.com,Female,112.196.235.72
741,Fleming,Aarons,faaronskk@reverbnation.com,Male,176.171.27.143
742,Berk,Espy,bespykl@apple.com,Male,44.11.38.123
743,Vin,Bartels-Ellis,vbartelselliskm@woothemes.com,Male,123.102.107.240
744,Eugenius,Hardwick,ehardwickkn@about.com,Male,35.32.91.95
745,Shanie,Auld,sauldko@wsj.com,Female,74.36.245.66
746,Kally,Graveson,kgravesonkp@si.edu,Female,193.18.166.235
747,Amory,Dace,adacekq@statcounter.com,Male,241.36.253.79
748,Emmet,Innwood,einnwoodkr@gov.uk,Male,209.130.71.241
749,Livvie,McClenaghan,lmcclenaghanks@globo.com,Female,176.183.50.47
750,Grantham,McRae,gmcraekt@businesswire.com,Male,146.82.171.125
751,Nils,Treadaway,ntreadawayku@addtoany.com,Male,237.138.198.93
752,Umberto,Tainton,utaintonkv@mashable.com,Male,145.52.81.45
753,Thibaut,Belvin,tbelvinkw@va.gov,Male,168.177.215.118
754,Loy,Caldero,lcalderokx@flickr.com,Male,38.45.241.95
755,Pepita,Glass,pglassky@biblegateway.com,Female,194.65.135.147
756,Fernanda,Robbings,frobbingskz@howstuffworks.com,Female,88.225.182.254
757,Ingaberg,Chorlton,ichorltonl0@lulu.com,Female,166.176.50.249
758,Donalt,Tweede,dtweedel1@yahoo.com,Male,124.245.79.234
759,Doralyn,Jirusek,djirusekl2@free.fr,Genderqueer,25.216.136.123
760,Dewie,Jermin,djerminl3@foxnews.com,Male,226.15.0.122
761,Karlyn,Bardwall,kbardwalll4@slideshare.net,Female,178.42.10.7
762,Riane,Habert,rhabertl5@e-recht24.de,Female,146.177.246.173
763,Mignon,Laurent,mlaurentl6@omniture.com,Female,124.128.172.19
764,Averil,Light,alightl7@uol.com.br,Female,187.158.16.237
765,Claudetta,Schwandt,cschwandtl8@acquirethisname.com,Female,212.5.57.169
766,Phelia,Watchorn,pwatchornl9@jiathis.com,Female,57.54.250.124
767,Daron,Gisbourn,dgisbournla@chron.com,Male,204.249.193.228
768,Enrique,Thurby,ethurbylb@youtu.be,Male,35.34.254.134
769,Tommie,Saldler,tsaldlerlc@creativecommons.org,Male,129.101.228.46
770,Kimberley,Mabley,kmableyld@hp.com,Female,32.187.160.222
771,Basilio,Stoile,bstoilele@wordpress.org,Male,3.40.118.224
772,Darrin,Skittle,dskittlelf@dell.com,Male,62.191.44.97
773,Lukas,Longfut,llongfutlg@sbwire.com,Male,176.218.157.194
774,Dody,Luce,dlucelh@huffingtonpost.com,Female,203.116.41.60
775,Emylee,Alban,ealbanli@miibeian.gov.cn,Female,223.194.76.146
776,Christin,Troop,ctrooplj@state.gov,Female,43.46.97.243
777,West,Tyhurst,wtyhurstlk@skype.com,Male,80.91.44.23
778,Craggie,Akhurst,cakhurstll@ed.gov,Male,68.115.39.52
779,Ambrose,Shackesby,ashackesbylm@boston.com,Bigender,196.189.144.146
780,Lorry,Seabright,lseabrightln@imdb.com,Female,191.111.45.254
781,Rab,Shaefer,rshaeferlo@xing.com,Male,72.255.3.197
782,Bellanca,Higgonet,bhiggonetlp@illinois.edu,Female,88.69.154.57
783,Jenine,Quince,jquincelq@utexas.edu,Female,42.144.101.220
784,Irina,Hovie,ihovielr@myspace.com,Female,171.131.148.105
785,Dur,Derby,dderbyls@npr.org,Male,198.199.231.137
786,Kathie,Slowcock,kslowcocklt@alexa.com,Non-binary,240.231.66.141
787,Mandie,Durrett,mdurrettlu@blinklist.com,Female,165.66.133.63
788,Tab,Bemlott,tbemlottlv@skype.com,Male,50.98.234.105
789,Seana,Petrello,spetrellolw@ucsd.edu,Female,197.253.121.244
790,Reeta,Ridel,rridellx@indiegogo.com,Female,189.5.46.245
791,Rosy,Halwell,rhalwellly@hibu.com,Female,210.97.205.229
792,Garreth,Coda,gcodalz@lulu.com,Male,190.184.61.63
793,Kevyn,Proudman,kproudmanm0@wikispaces.com,Female,156.112.185.208
794,Cassondra,Tambling,ctamblingm1@amazon.co.uk,Female,190.154.222.231
795,Britni,Crinion,bcrinionm2@youku.com,Female,134.57.166.193
796,Averil,Gatherer,agathererm3@flavors.me,Female,57.4.74.85
797,Kippy,Row,krowm4@gizmodo.com,Male,109.96.29.61
798,Madlin,De Courtney,mdecourtneym5@unesco.org,Female,223.67.222.96
799,Jerry,Secretan,jsecretanm6@lycos.com,Genderfluid,161.2.10.103
800,Osbourn,Tipton,otiptonm7@com.com,Male,59.81.180.64
801,Alaster,Garvie,agarviem8@unblog.fr,Male,22.90.232.78
802,Georgie,Pullin,gpullinm9@geocities.jp,Male,255.10.26.175
803,Normy,Dowyer,ndowyerma@liveinternet.ru,Male,241.133.197.180
804,Cherish,Sedgemore,csedgemoremb@mapy.cz,Polygender,73.132.137.137
805,Jerrome,Castilljo,jcastilljomc@google.com.au,Male,101.224.185.188
806,Gerrie,Jaukovic,gjaukovicmd@guardian.co.uk,Female,9.243.125.214
807,Zebedee,Corbyn,zcorbynme@who.int,Male,86.116.166.35
808,Fredra,Withey,fwitheymf@spotify.com,Female,220.19.57.68
809,Myrilla,Yetts,myettsmg@dropbox.com,Female,3.165.97.213
810,Maje,Demangel,mdemangelmh@amazon.co.uk,Agender,43.167.161.235
811,Thorvald,Erratt,terrattmi@cargocollective.com,Male,200.219.59.170
812,Elvera,Sutherel,esutherelmj@ftc.gov,Female,192.121.200.103
813,Augustus,Ogglebie,aogglebiemk@tripod.com,Male,198.145.176.202
814,Zilvia,Roarty,zroartyml@people.com.cn,Female,55.50.244.1
815,Debbie,Maddaford,dmaddafordmm@ebay.com,Female,115.70.85.209
816,Teddie,Gollard,tgollardmn@blogs.com,Female,43.66.107.3
817,Gayle,Arter,gartermo@ucla.edu,Female,103.10.59.30
818,Torre,Chasles,tchaslesmp@creativecommons.org,Male,26.56.209.132
819,Eleanor,Latore,elatoremq@theguardian.com,Female,5.107.97.23
820,Riobard,Gainsborough,rgainsboroughmr@yahoo.co.jp,Male,207.182.85.85
821,Micheil,McTerlagh,mmcterlaghms@buzzfeed.com,Male,219.95.142.64
822,Aurlie,Gonsalvez,agonsalvezmt@creativecommons.org,Female,11.38.17.7
823,Gwendolyn,Fattori,gfattorimu@ovh.net,Female,18.183.42.137
824,Marie,Hunn,mhunnmv@weibo.com,Female,144.234.178.255
825,Sibbie,Mathy,smathymw@printfriendly.com,Female,188.52.23.31
826,Mahmoud,Kirman,mkirmanmx@booking.com,Male,1.32.131.80
827,Katya,Clare,kclaremy@nytimes.com,Agender,53.65.2.201
828,Micheline,Karslake,mkarslakemz@microsoft.com,Female,160.30.152.231
829,Ranice,McLanaghan,rmclanaghann0@theatlantic.com,Female,187.21.11.57
830,Arron,Burger,aburgern1@japanpost.jp,Male,233.214.222.207
831,Katrina,Obey,kobeyn2@woothemes.com,Female,90.43.79.160
832,Cecile,Boddice,cboddicen3@apple.com,Female,72.145.233.182
833,Tristam,MacAloren,tmacalorenn4@theatlantic.com,Male,148.244.50.115
834,Carce,State,cstaten5@nasa.gov,Male,94.244.220.138
835,Ettie,Fridaye,efridayen6@trellian.com,Female,199.184.148.144
836,Osmund,Filipson,ofilipsonn7@ow.ly,Male,149.112.135.187
837,Karina,Fowlds,kfowldsn8@cnet.com,Female,183.156.61.26
838,Hilton,Seine,hseinen9@vinaora.com,Male,172.172.32.24
839,Dallis,Harkess,dharkessna@wikimedia.org,Male,55.174.127.219
840,Bess,Beiderbeck,bbeiderbecknb@spotify.com,Genderqueer,239.95.149.67
841,Alis,Droogan,adroogannc@ft.com,Female,21.204.58.146
842,Christin,Greenlees,cgreenleesnd@kickstarter.com,Female,133.42.119.152
843,Alonso,Deverock,adeverockne@squidoo.com,Male,249.72.79.168
844,Ana,Babe,ababenf@statcounter.com,Female,61.26.124.36
845,Opaline,Gossage,ogossageng@cnet.com,Female,142.207.93.246
846,Joseito,Rickeard,jrickeardnh@gov.uk,Male,35.226.241.234
847,Mable,Ray,mrayni@smugmug.com,Female,101.94.171.190
848,Yolande,MacCague,ymaccaguenj@surveymonkey.com,Female,55.198.152.236
849,Binnie,Trevett,btrevettnk@marketwatch.com,Bigender,157.249.121.59
850,Elysha,McArdle,emcardlenl@360.cn,Female,122.225.159.129
851,Christie,Veld,cveldnm@artisteer.com,Male,24.119.49.40
852,Mathew,Capelle,mcapellenn@ask.com,Male,52.89.245.129
853,Benita,Puttan,bputtanno@dmoz.org,Female,71.15.92.2
854,Cosetta,Gyorgy,cgyorgynp@thetimes.co.uk,Female,65.178.214.15
855,Foss,McTaggart,fmctaggartnq@i2i.jp,Male,152.7.138.179
856,Esra,D'Arrigo,edarrigonr@sciencedirect.com,Male,34.251.142.44
857,Herrick,Kauble,hkaublens@com.com,Male,107.85.168.120
858,Florenza,Reasce,freascent@japanpost.jp,Female,48.89.76.143
859,Shelby,Jaffray,sjaffraynu@bbc.co.uk,Genderfluid,93.157.236.155
860,Neddie,Jiggle,njigglenv@jalbum.net,Male,229.75.232.229
861,Fiann,Blasius,fblasiusnw@usnews.com,Female,52.200.9.57
862,Janna,Ellicombe,jellicombenx@jigsy.com,Female,72.226.175.3
863,Bernhard,Varty,bvartyny@ameblo.jp,Male,73.90.68.234
864,Damaris,Mary,dmarynz@youku.com,Female,227.25.81.168
865,Tonnie,Tooher,ttoohero0@tiny.cc,Male,77.108.159.176
866,Veradis,Mille,vmilleo1@discuz.net,Female,164.89.39.92
867,Ganny,Popping,gpoppingo2@feedburner.com,Male,15.145.73.202
868,Sol,Moukes,smoukeso3@engadget.com,Male,187.107.68.19
869,Morey,Scanterbury,mscanterburyo4@sfgate.com,Male,166.6.74.91
870,Janelle,Dubique,jdubiqueo5@tamu.edu,Female,163.222.140.213
871,Xerxes,Hewertson,xhewertsono6@aboutads.info,Male,81.205.196.33
872,Haslett,Tatnell,htatnello7@walmart.com,Male,193.130.213.170
873,Thorndike,Catchpole,tcatchpoleo8@dot.gov,Male,0.202.109.122
874,Aylmer,Press,apresso9@jimdo.com,Male,191.242.54.95
875,Julie,Siveter,jsiveteroa@wikimedia.org,Female,135.217.139.160
876,Ozzie,Bon,obonob@csmonitor.com,Male,70.86.183.89
877,Valery,Trude,vtrudeoc@pcworld.com,Female,165.56.167.138
878,Vic,Taffrey,vtaffreyod@sphinn.com,Male,130.250.62.113
879,Cathlene,Taylerson,ctaylersonoe@cornell.edu,Female,184.191.103.58
880,Lucias,Robbel,lrobbelof@creativecommons.org,Male,82.27.75.184
881,Jana,Tucknutt,jtucknuttog@accuweather.com,Female,139.27.167.246
882,Dody,Kimmel,dkimmeloh@earthlink.net,Non-binary,7.179.10.112
883,Edee,Gillanders,egillandersoi@seattletimes.com,Female,109.76.183.165
884,Dexter,Fache,dfacheoj@angelfire.com,Male,111.42.146.118
885,Igor,Schachter,ischachterok@macromedia.com,Male,232.230.248.142
886,Trenna,Dyzart,tdyzartol@independent.co.uk,Female,215.204.116.130
887,Maude,Radoux,mradouxom@wufoo.com,Female,111.188.185.221
888,Lyn,Filby,lfilbyon@umn.edu,Female,180.184.4.61
889,Jami,Zollner,jzollneroo@twitter.com,Female,169.65.124.242
890,Jerrilee,Mingo,jmingoop@wisc.edu,Female,142.78.149.4
891,Stephani,Sanches,ssanchesoq@surveymonkey.com,Female,203.52.53.121
892,Bartie,Clench,bclenchor@reverbnation.com,Male,39.199.218.90
893,Prince,McCooke,pmccookeos@seattletimes.com,Male,66.90.120.192
894,Cathlene,Chalke,cchalkeot@businessinsider.com,Female,2.52.180.175
895,Forest,Gateley,fgateleyou@csmonitor.com,Male,11.125.43.181
896,Pierre,Badam,pbadamov@utexas.edu,Male,30.15.135.172
897,Candie,Letixier,cletixierow@usatoday.com,Female,206.194.255.19
898,Vladamir,Woolatt,vwoolattox@time.com,Male,86.60.237.236
899,Pet,Jorge,pjorgeoy@blogger.com,Female,103.21.63.74
900,Ranna,Rozzell,rrozzelloz@gov.uk,Female,198.112.206.246
901,Myles,Mapother,mmapotherp0@dell.com,Male,202.164.206.146
902,Penelope,Betchley,pbetchleyp1@slate.com,Female,29.99.183.48
903,Gilles,Gilkison,ggilkisonp2@newsvine.com,Male,99.19.125.35
904,Arvy,Etches,aetchesp3@infoseek.co.jp,Male,220.155.53.109
905,Thoma,Syratt,tsyrattp4@1und1.de,Male,4.133.207.183
906,Elspeth,Freund,efreundp5@godaddy.com,Female,165.228.88.33
907,Hodge,Rapelli,hrapellip6@jiathis.com,Polygender,14.238.148.53
908,Marisa,Brithman,mbrithmanp7@msn.com,Female,151.197.70.106
909,Hetty,Ciobotaru,hciobotarup8@wired.com,Female,242.18.142.117
910,Joly,Gainsborough,jgainsboroughp9@epa.gov,Female,252.175.36.1
911,Binni,Sanpere,bsanperepa@nih.gov,Female,34.14.5.7
912,Terencio,Fantini,tfantinipb@businesswire.com,Male,15.59.216.135
913,Chelsy,Passo,cpassopc@addthis.com,Female,25.11.104.140
914,Aguie,Trencher,atrencherpd@miitbeian.gov.cn,Male,37.101.190.61
915,Valentin,Hows,vhowspe@about.me,Male,144.4.232.167
916,Pauly,Jeandeau,pjeandeaupf@quantcast.com,Female,50.216.131.101
917,Stern,Minger,smingerpg@etsy.com,Male,204.18.225.190
918,Jerad,Cabral,jcabralph@ucoz.ru,Non-binary,3.45.150.3
919,Susann,Faley,sfaleypi@infoseek.co.jp,Female,207.110.26.201
920,Livvie,Cryer,lcryerpj@home.pl,Female,71.4.130.124
921,Demetri,Snarr,dsnarrpk@i2i.jp,Genderfluid,131.143.245.246
922,Ardine,Pashby,apashbypl@gov.uk,Female,13.208.119.103
923,Elayne,Axell,eaxellpm@google.com,Female,56.150.31.242
924,Gard,Gooding,ggoodingpn@ucsd.edu,Male,35.120.110.49
925,Toinette,Mangeot,tmangeotpo@vinaora.com,Female,72.203.194.184
926,Benedikta,Vedenisov,bvedenisovpp@amazon.de,Female,126.242.24.164
927,Arie,Robel,arobelpq@slideshare.net,Male,70.221.154.2
928,Tammy,McClymont,tmcclymontpr@naver.com,Male,194.170.72.173
929,Perceval,Ledes,pledesps@people.com.cn,Male,154.56.71.154
930,Emmott,Stickney,estickneypt@ft.com,Male,195.172.120.218
931,Rosetta,Ley,rleypu@a8.net,Female,56.38.130.171
932,Dynah,Antunes,dantunespv@csmonitor.com,Female,15.80.150.19
933,Skye,Adamovsky,sadamovskypw@cnbc.com,Male,56.68.111.124
934,Holmes,Slyme,hslymepx@gnu.org,Male,242.199.85.36
935,Arni,Cutten,acuttenpy@ycombinator.com,Male,71.18.236.77
936,Bartholomeo,Merrilees,bmerrileespz@github.com,Male,164.80.70.151
937,Issy,Garza,igarzaq0@ning.com,Genderfluid,239.12.175.149
938,Sianna,Ghiriardelli,sghiriardelliq1@freewebs.com,Genderfluid,214.89.83.255
939,Regan,Bartkiewicz,rbartkiewiczq2@godaddy.com,Male,180.163.4.5
940,Theodore,Finker,tfinkerq3@usgs.gov,Male,126.228.145.189
941,Mick,Thornewill,mthornewillq4@linkedin.com,Male,118.89.89.179
942,Vidovic,Persicke,vpersickeq5@aol.com,Male,208.37.198.155
943,Clevey,Kerbey,ckerbeyq6@goo.ne.jp,Male,246.103.21.216
944,Andriana,Quye,aquyeq7@dagondesign.com,Female,144.152.200.225
945,Talbot,Delle,tdelleq8@wisc.edu,Male,23.43.69.249
946,Alena,Gligori,agligoriq9@opensource.org,Female,85.230.246.247
947,Milicent,Sangwine,msangwineqa@moonfruit.com,Genderqueer,131.173.31.156
948,Harriet,Pawden,hpawdenqb@cnet.com,Female,92.157.50.195
949,Tito,Form,tformqc@sogou.com,Male,109.230.252.195
950,Saul,Luckcuck,sluckcuckqd@ucoz.com,Male,116.193.117.164
951,Penelopa,Kennon,pkennonqe@addthis.com,Female,252.11.198.61
952,Debee,Dorken,ddorkenqf@boston.com,Female,11.108.45.69
953,Eleonore,Ludvigsen,eludvigsenqg@xrea.com,Female,157.216.35.216
954,Rosy,Humbey,rhumbeyqh@noaa.gov,Female,77.210.25.251
955,Morgen,Eliyahu,meliyahuqi@princeton.edu,Male,31.4.44.137
956,Margarita,Bierling,mbierlingqj@webmd.com,Female,141.119.175.165
957,Corene,Trenoweth,ctrenowethqk@multiply.com,Female,118.107.153.106
958,Angie,Winny,awinnyql@last.fm,Male,164.81.247.250
959,Jermaine,Gonsalvez,jgonsalvezqm@house.gov,Male,111.255.165.210
960,Jud,Padfield,jpadfieldqn@omniture.com,Male,252.118.5.58
961,Berty,Pendre,bpendreqo@msu.edu,Male,159.222.36.130
962,Chet,Buckoke,cbuckokeqp@omniture.com,Male,7.15.81.247
963,Jeremy,Cowsby,jcowsbyqq@rediff.com,Male,70.142.14.86
964,Lizette,Kiljan,lkiljanqr@bluehost.com,Female,68.31.41.84
965,Ailyn,Tibalt,atibaltqs@accuweather.com,Female,63.207.222.187
966,Nelie,Kun,nkunqt@columbia.edu,Female,230.215.170.16
967,Marcel,Domb,mdombqu@simplemachines.org,Male,139.94.141.147
968,Ida,Everson,ieversonqv@huffingtonpost.com,Female,184.59.152.155
969,Roddie,Hartlebury,rhartleburyqw@purevolume.com,Male,245.203.57.45
970,Enrique,Leel,eleelqx@pen.io,Genderfluid,62.212.188.159
971,Wilma,Merrgen,wmerrgenqy@skyrock.com,Female,68.187.225.174
972,Yankee,Gomersall,ygomersallqz@ask.com,Male,166.253.173.42
973,Lynnelle,Jurgen,ljurgenr0@wikia.com,Female,66.31.78.221
974,Eugenio,Caitlin,ecaitlinr1@plala.or.jp,Male,171.36.200.249
975,Hercule,Soans,hsoansr2@twitpic.com,Male,70.20.66.63
976,Bentlee,Ivanaev,bivanaevr3@skyrock.com,Male,8.210.49.150
977,Marylynne,Livesley,mlivesleyr4@answers.com,Female,170.9.154.109
978,Vick,Schule,vschuler5@gizmodo.com,Male,65.245.146.164
979,Karia,Bartholomieu,kbartholomieur6@soup.io,Female,215.229.128.203
980,Dana,Hainey,dhaineyr7@nytimes.com,Female,195.41.230.240
981,Janice,Cornfoot,jcornfootr8@bloglines.com,Bigender,15.99.251.228
982,Pedro,Cudde,pcudder9@wikispaces.com,Male,166.224.92.48
983,Ewen,Maddaford,emaddafordra@mail.ru,Male,108.154.95.85
984,Bradly,Fakeley,bfakeleyrb@devhub.com,Non-binary,63.58.151.153
985,Bengt,O'Regan,boreganrc@chicagotribune.com,Male,234.65.37.232
986,Dulsea,Romaynes,dromaynesrd@dailymotion.com,Female,209.200.119.41
987,Jenni,Vause,jvausere@etsy.com,Female,158.97.207.8
988,Chet,Bazeley,cbazeleyrf@t-online.de,Male,117.155.34.8
989,Laural,Cosens,lcosensrg@canalblog.com,Female,44.228.91.76
990,Erasmus,Cranstone,ecranstonerh@themeforest.net,Male,132.127.206.4
991,Bettine,Bartley,bbartleyri@cafepress.com,Female,93.146.198.145
992,Katie,MacCheyne,kmaccheynerj@ebay.co.uk,Female,239.195.48.50
993,Ellerey,Childes,echildesrk@sfgate.com,Genderqueer,225.153.173.235
994,Burnard,Eddisforth,beddisforthrl@nbcnews.com,Male,204.67.186.31
995,Liuka,Kennford,lkennfordrm@toplist.cz,Female,96.199.25.68
996,Northrup,MacGiffin,nmacgiffinrn@netscape.com,Male,142.88.200.92
997,Pen,Gokes,pgokesro@scribd.com,Genderfluid,97.180.229.136
998,Edwina,Thirlaway,ethirlawayrp@taobao.com,Female,120.217.155.195
999,Nerti,Bonanno,nbonannorq@google.it,Female,104.102.46.171
1000,Elga,Shulem,eshulemrr@fastcompany.com,Female,92.143.5.214
